{"1": {"c": {"A": {"recall": 0.572370613118414, "accuracy": 0.722391641253812, "precision": 0.572370613118414, "f": 0.578691859250776}, "C": {"recall": 0.4768799156387421, "accuracy": 0.7879417094533374, "precision": 0.4768799156387421, "f": 0.4929698310688452}, "B": {"recall": 0.41413917682457496, "accuracy": 0.5581748071979434, "precision": 0.41413917682457496, "f": 0.49943396423690817}}, "r": {"A": {"recall": 0.40167949357559785, "accuracy": 0.5574413837924311, "precision": 0.40167949357559785, "f": 0.46180350649636015}, "C": {"recall": 0.18619716024516314, "accuracy": 0.31259438236182424, "precision": 0.18619716024516314, "f": 0.25045224733702975}, "B": {"recall": 0.3026776398352965, "accuracy": 0.636426735218509, "precision": 0.3026776398352965, "f": 0.4101626686871678}}, "l": {"A": {"recall": 0.21753304903040188, "accuracy": 0.6047842823576464, "precision": 0.21753304903040188, "f": 0.2993989437491716}, "C": {"recall": 0.2989023574403636, "accuracy": 0.4515629719118091, "precision": 0.2989023574403636, "f": 0.37648583526047164}, "B": {"recall": 0.34168190322045255, "accuracy": 0.256426735218509, "precision": 0.34168190322045255, "f": 0.4523350108107995}}}, "2": {"c": {"A": {"recall": 0.8053944155282218, "accuracy": 0.8507686539182602, "precision": 0.8053944155282218, "f": 0.7868819955987706}, "C": {"recall": 0.5799540812481285, "accuracy": 0.7955223317098954, "precision": 0.5799540812481285, "f": 0.5895173457911412}, "B": {"recall": 0.59059855038927, "accuracy": 0.4915036376256459, "precision": 0.59059855038927, "f": 0.695919292280587}}, "r": {"A": {"recall": 0.4522803848194132, "accuracy": 0.5715785526809148, "precision": 0.4522803848194132, "f": 0.5190331783362311}, "C": {"recall": 0.21114730299351334, "accuracy": 0.3442821006531506, "precision": 0.21114730299351334, "f": 0.2924808805589788}, "B": {"recall": 0.32908126927353043, "accuracy": 0.6492711894907324, "precision": 0.32908126927353043, "f": 0.4412415613619527}}, "l": {"A": {"recall": 0.33055449228374667, "accuracy": 0.7029621297337832, "precision": 0.33055449228374667, "f": 0.4375056759212705}, "C": {"recall": 0.32160059493180176, "accuracy": 0.4564125797561068, "precision": 0.32160059493180176, "f": 0.4043948078076566}, "B": {"recall": 0.423775742513722, "accuracy": 0.26221753772590556, "precision": 0.423775742513722, "f": 0.539579422357521}}}}